{
  "decision_threshold": 0.9975556171533146,
  "accuracy": 0.8503184713375797,
  "precision": 0.175,
  "recall": 0.3333333333333333,
  "f1": 0.22950819672131148,
  "roc_auc": 0.7172111165285227,
  "pr_auc": 0.17237653913437945,
  "confusion_matrix": {
    "labels": [
      -1,
      1
    ],
    "matrix": [
      [
        260,
        33
      ],
      [
        14,
        7
      ]
    ]
  },
  "test_set_size": 314,
  "test_set_fail_count": 21
}