{
  "accuracy": 0.6464968152866242,
  "precision": 0.0673076923076923,
  "recall": 0.3333333333333333,
  "f1": 0.112,
  "roc_auc": 0.5410368925727287,
  "pr_auc": 0.12895266136966013,
  "confusion_matrix": {
    "labels": [
      -1,
      1
    ],
    "matrix": [
      [
        196,
        97
      ],
      [
        14,
        7
      ]
    ]
  },
  "test_set_size": 314,
  "test_set_fail_count": 21
}